{
	"1": {
		"LONGITUDE": 116.3,
		"EMOTION": "b",
		"id": 1,
		"TIME": 0.011643518518518518,
		"LATITUDE": 39.9
	},
	"2": {
		"LONGITUDE": 114.253231,
		"EMOTION": "a",
		"id": 2,
		"TIME": 0.011608796296296296,
		"LATITUDE": 22.857974
	},
	"3": {
		"LONGITUDE": 113.163993,
		"EMOTION": "a",
		"id": 3,
		"TIME": 0.011631944444444445,
		"LATITUDE": 22.901659
	},
	"4": {
		"LONGITUDE": 114.209014,
		"EMOTION": "a",
		"id": 4,
		"TIME": 0.011597222222222222,
		"LATITUDE": 30.562707
	},
	"5": {
		"LONGITUDE": 100.5586464,
		"EMOTION": "a",
		"id": 5,
		"TIME": 0.011597222222222222,
		"LATITUDE": 13.771658
	}
}